{
  "retrieval_metrics": {
    "precision@k": 0.05,
    "recall@k": 0.08333333333333333,
    "mrr": 0.15625
  },
  "answer_metrics": {
    "rouge1": 0.02369186046511628,
    "rouge2": 0.006338254172015404,
    "rougeL": 0.02369186046511628
  }
}